--
-- PostgreSQL database dump
--

-- Dumped from database version 12.17 (Ubuntu 12.17-1.pgdg22.04+1)
-- Dumped by pg_dump version 12.17 (Ubuntu 12.17-1.pgdg22.04+1)

SET statement_timeout = 0;
SET lock_timeout = 0;
SET idle_in_transaction_session_timeout = 0;
SET client_encoding = 'UTF8';
SET standard_conforming_strings = on;
SELECT pg_catalog.set_config('search_path', '', false);
SET check_function_bodies = false;
SET xmloption = content;
SET client_min_messages = warning;
SET row_security = off;

DROP DATABASE universe;
--
-- Name: universe; Type: DATABASE; Schema: -; Owner: freecodecamp
--

CREATE DATABASE universe WITH TEMPLATE = template0 ENCODING = 'UTF8' LC_COLLATE = 'C.UTF-8' LC_CTYPE = 'C.UTF-8';


ALTER DATABASE universe OWNER TO freecodecamp;

\connect universe

SET statement_timeout = 0;
SET lock_timeout = 0;
SET idle_in_transaction_session_timeout = 0;
SET client_encoding = 'UTF8';
SET standard_conforming_strings = on;
SELECT pg_catalog.set_config('search_path', '', false);
SET check_function_bodies = false;
SET xmloption = content;
SET client_min_messages = warning;
SET row_security = off;

SET default_tablespace = '';

SET default_table_access_method = heap;

--
-- Name: cluster; Type: TABLE; Schema: public; Owner: freecodecamp
--

CREATE TABLE public.cluster (
    cluster_id integer NOT NULL,
    name character varying(30) NOT NULL,
    galaxy_id integer
);


ALTER TABLE public.cluster OWNER TO freecodecamp;

--
-- Name: cluster_cluster_id_seq; Type: SEQUENCE; Schema: public; Owner: freecodecamp
--

CREATE SEQUENCE public.cluster_cluster_id_seq
    AS integer
    START WITH 1
    INCREMENT BY 1
    NO MINVALUE
    NO MAXVALUE
    CACHE 1;


ALTER TABLE public.cluster_cluster_id_seq OWNER TO freecodecamp;

--
-- Name: cluster_cluster_id_seq; Type: SEQUENCE OWNED BY; Schema: public; Owner: freecodecamp
--

ALTER SEQUENCE public.cluster_cluster_id_seq OWNED BY public.cluster.cluster_id;


--
-- Name: galaxy; Type: TABLE; Schema: public; Owner: freecodecamp
--

CREATE TABLE public.galaxy (
    galaxy_id integer NOT NULL,
    name character varying(30) NOT NULL,
    width integer,
    distance_from_earth integer,
    star_count integer,
    type character varying(30)
);


ALTER TABLE public.galaxy OWNER TO freecodecamp;

--
-- Name: galaxy_galaxy_id_seq; Type: SEQUENCE; Schema: public; Owner: freecodecamp
--

CREATE SEQUENCE public.galaxy_galaxy_id_seq
    AS integer
    START WITH 1
    INCREMENT BY 1
    NO MINVALUE
    NO MAXVALUE
    CACHE 1;


ALTER TABLE public.galaxy_galaxy_id_seq OWNER TO freecodecamp;

--
-- Name: galaxy_galaxy_id_seq; Type: SEQUENCE OWNED BY; Schema: public; Owner: freecodecamp
--

ALTER SEQUENCE public.galaxy_galaxy_id_seq OWNED BY public.galaxy.galaxy_id;


--
-- Name: moon; Type: TABLE; Schema: public; Owner: freecodecamp
--

CREATE TABLE public.moon (
    moon_id integer NOT NULL,
    name character varying(30) NOT NULL,
    planet_id integer,
    width integer,
    has_water boolean
);


ALTER TABLE public.moon OWNER TO freecodecamp;

--
-- Name: moon_moon_id_seq; Type: SEQUENCE; Schema: public; Owner: freecodecamp
--

CREATE SEQUENCE public.moon_moon_id_seq
    AS integer
    START WITH 1
    INCREMENT BY 1
    NO MINVALUE
    NO MAXVALUE
    CACHE 1;


ALTER TABLE public.moon_moon_id_seq OWNER TO freecodecamp;

--
-- Name: moon_moon_id_seq; Type: SEQUENCE OWNED BY; Schema: public; Owner: freecodecamp
--

ALTER SEQUENCE public.moon_moon_id_seq OWNED BY public.moon.moon_id;


--
-- Name: planet; Type: TABLE; Schema: public; Owner: freecodecamp
--

CREATE TABLE public.planet (
    planet_id integer NOT NULL,
    name character varying(30) NOT NULL,
    radius numeric(5,1),
    star_id integer NOT NULL,
    gas_giant boolean
);


ALTER TABLE public.planet OWNER TO freecodecamp;

--
-- Name: planet_planet_id_seq; Type: SEQUENCE; Schema: public; Owner: freecodecamp
--

CREATE SEQUENCE public.planet_planet_id_seq
    AS integer
    START WITH 1
    INCREMENT BY 1
    NO MINVALUE
    NO MAXVALUE
    CACHE 1;


ALTER TABLE public.planet_planet_id_seq OWNER TO freecodecamp;

--
-- Name: planet_planet_id_seq; Type: SEQUENCE OWNED BY; Schema: public; Owner: freecodecamp
--

ALTER SEQUENCE public.planet_planet_id_seq OWNED BY public.planet.planet_id;


--
-- Name: star; Type: TABLE; Schema: public; Owner: freecodecamp
--

CREATE TABLE public.star (
    star_id integer NOT NULL,
    name character varying(30) NOT NULL,
    supernova boolean,
    galaxy_id integer NOT NULL,
    cluster_id integer,
    color text
);


ALTER TABLE public.star OWNER TO freecodecamp;

--
-- Name: star_star_id_seq; Type: SEQUENCE; Schema: public; Owner: freecodecamp
--

CREATE SEQUENCE public.star_star_id_seq
    AS integer
    START WITH 1
    INCREMENT BY 1
    NO MINVALUE
    NO MAXVALUE
    CACHE 1;


ALTER TABLE public.star_star_id_seq OWNER TO freecodecamp;

--
-- Name: star_star_id_seq; Type: SEQUENCE OWNED BY; Schema: public; Owner: freecodecamp
--

ALTER SEQUENCE public.star_star_id_seq OWNED BY public.star.star_id;


--
-- Name: cluster cluster_id; Type: DEFAULT; Schema: public; Owner: freecodecamp
--

ALTER TABLE ONLY public.cluster ALTER COLUMN cluster_id SET DEFAULT nextval('public.cluster_cluster_id_seq'::regclass);


--
-- Name: galaxy galaxy_id; Type: DEFAULT; Schema: public; Owner: freecodecamp
--

ALTER TABLE ONLY public.galaxy ALTER COLUMN galaxy_id SET DEFAULT nextval('public.galaxy_galaxy_id_seq'::regclass);


--
-- Name: moon moon_id; Type: DEFAULT; Schema: public; Owner: freecodecamp
--

ALTER TABLE ONLY public.moon ALTER COLUMN moon_id SET DEFAULT nextval('public.moon_moon_id_seq'::regclass);


--
-- Name: planet planet_id; Type: DEFAULT; Schema: public; Owner: freecodecamp
--

ALTER TABLE ONLY public.planet ALTER COLUMN planet_id SET DEFAULT nextval('public.planet_planet_id_seq'::regclass);


--
-- Name: star star_id; Type: DEFAULT; Schema: public; Owner: freecodecamp
--

ALTER TABLE ONLY public.star ALTER COLUMN star_id SET DEFAULT nextval('public.star_star_id_seq'::regclass);


--
-- Data for Name: cluster; Type: TABLE DATA; Schema: public; Owner: freecodecamp
--

INSERT INTO public.cluster VALUES (1, 'Zeus', 1);
INSERT INTO public.cluster VALUES (2, 'Percy', 2);
INSERT INTO public.cluster VALUES (3, 'Hades', 3);


--
-- Data for Name: galaxy; Type: TABLE DATA; Schema: public; Owner: freecodecamp
--

INSERT INTO public.galaxy VALUES (1, 'Milky Way', 1000, 0, NULL, NULL);
INSERT INTO public.galaxy VALUES (2, 'Andromeda', 2000, 2000, NULL, NULL);
INSERT INTO public.galaxy VALUES (3, 'Bertha', 1500, 1000, NULL, NULL);
INSERT INTO public.galaxy VALUES (4, 'Virgo', 800, 3000, NULL, NULL);
INSERT INTO public.galaxy VALUES (5, 'Libra', 4000, 4000, NULL, NULL);
INSERT INTO public.galaxy VALUES (6, 'Scorpio', 900, 400, NULL, NULL);


--
-- Data for Name: moon; Type: TABLE DATA; Schema: public; Owner: freecodecamp
--

INSERT INTO public.moon VALUES (1, 'Eclipse', 3, NULL, NULL);
INSERT INTO public.moon VALUES (2, 'Hester', 2, NULL, NULL);
INSERT INTO public.moon VALUES (3, 'Westin', 4, NULL, NULL);
INSERT INTO public.moon VALUES (4, 'Cooler', 2, NULL, NULL);
INSERT INTO public.moon VALUES (5, 'Hot-Rock', 3, NULL, NULL);
INSERT INTO public.moon VALUES (6, 'Big Rock', 1, NULL, NULL);
INSERT INTO public.moon VALUES (7, 'Small Rock', 7, NULL, NULL);
INSERT INTO public.moon VALUES (8, 'Boop', 2, NULL, NULL);
INSERT INTO public.moon VALUES (9, 'Coop', 8, NULL, NULL);
INSERT INTO public.moon VALUES (10, 'Sloop', 9, NULL, NULL);
INSERT INTO public.moon VALUES (11, 'Wierd', 4, NULL, NULL);
INSERT INTO public.moon VALUES (12, 'Messy', 12, NULL, NULL);
INSERT INTO public.moon VALUES (13, 'Jesus', 11, NULL, NULL);
INSERT INTO public.moon VALUES (14, 'Jump', 5, NULL, NULL);
INSERT INTO public.moon VALUES (15, 'Run', 11, NULL, NULL);
INSERT INTO public.moon VALUES (16, 'Slurp', 12, NULL, NULL);
INSERT INTO public.moon VALUES (17, 'Munch', 10, NULL, NULL);
INSERT INTO public.moon VALUES (18, 'Church', 8, NULL, NULL);
INSERT INTO public.moon VALUES (19, 'Letter', 3, NULL, NULL);
INSERT INTO public.moon VALUES (20, 'Smelly', 5, NULL, NULL);


--
-- Data for Name: planet; Type: TABLE DATA; Schema: public; Owner: freecodecamp
--

INSERT INTO public.planet VALUES (1, 'Mercury', 10.0, 1, NULL);
INSERT INTO public.planet VALUES (2, 'Venus', 20.0, 1, NULL);
INSERT INTO public.planet VALUES (3, 'Earth', 50.0, 1, NULL);
INSERT INTO public.planet VALUES (4, 'Mars', 30.0, 1, NULL);
INSERT INTO public.planet VALUES (5, 'Jupiter', 100.0, 1, NULL);
INSERT INTO public.planet VALUES (6, 'Saturn', 80.0, 1, NULL);
INSERT INTO public.planet VALUES (7, 'Kepler-22b', 30.0, 2, NULL);
INSERT INTO public.planet VALUES (8, 'Polar', 20.0, 2, NULL);
INSERT INTO public.planet VALUES (9, 'Kepler-29d', 20.0, 3, NULL);
INSERT INTO public.planet VALUES (10, 'BR-12', 40.0, 2, NULL);
INSERT INTO public.planet VALUES (11, 'Neptune', 40.0, 1, NULL);
INSERT INTO public.planet VALUES (12, 'Uranus', 40.0, 1, NULL);


--
-- Data for Name: star; Type: TABLE DATA; Schema: public; Owner: freecodecamp
--

INSERT INTO public.star VALUES (2, 'Sun', false, 1, 1, NULL);
INSERT INTO public.star VALUES (3, 'Kepler', false, 1, 1, NULL);
INSERT INTO public.star VALUES (4, 'Joon', true, 2, 2, NULL);
INSERT INTO public.star VALUES (1, 'Homo', true, 1, 1, NULL);
INSERT INTO public.star VALUES (5, 'Gay', NULL, 3, 3, NULL);
INSERT INTO public.star VALUES (6, 'Biggie', NULL, 1, 1, NULL);


--
-- Name: cluster_cluster_id_seq; Type: SEQUENCE SET; Schema: public; Owner: freecodecamp
--

SELECT pg_catalog.setval('public.cluster_cluster_id_seq', 3, true);


--
-- Name: galaxy_galaxy_id_seq; Type: SEQUENCE SET; Schema: public; Owner: freecodecamp
--

SELECT pg_catalog.setval('public.galaxy_galaxy_id_seq', 6, true);


--
-- Name: moon_moon_id_seq; Type: SEQUENCE SET; Schema: public; Owner: freecodecamp
--

SELECT pg_catalog.setval('public.moon_moon_id_seq', 20, true);


--
-- Name: planet_planet_id_seq; Type: SEQUENCE SET; Schema: public; Owner: freecodecamp
--

SELECT pg_catalog.setval('public.planet_planet_id_seq', 12, true);


--
-- Name: star_star_id_seq; Type: SEQUENCE SET; Schema: public; Owner: freecodecamp
--

SELECT pg_catalog.setval('public.star_star_id_seq', 6, true);


--
-- Name: cluster cluster_name; Type: CONSTRAINT; Schema: public; Owner: freecodecamp
--

ALTER TABLE ONLY public.cluster
    ADD CONSTRAINT cluster_name UNIQUE (name);


--
-- Name: cluster cluster_pkey; Type: CONSTRAINT; Schema: public; Owner: freecodecamp
--

ALTER TABLE ONLY public.cluster
    ADD CONSTRAINT cluster_pkey PRIMARY KEY (cluster_id);


--
-- Name: galaxy galaxy_name; Type: CONSTRAINT; Schema: public; Owner: freecodecamp
--

ALTER TABLE ONLY public.galaxy
    ADD CONSTRAINT galaxy_name UNIQUE (name);


--
-- Name: galaxy galaxy_pkey; Type: CONSTRAINT; Schema: public; Owner: freecodecamp
--

ALTER TABLE ONLY public.galaxy
    ADD CONSTRAINT galaxy_pkey PRIMARY KEY (galaxy_id);


--
-- Name: moon moon_name; Type: CONSTRAINT; Schema: public; Owner: freecodecamp
--

ALTER TABLE ONLY public.moon
    ADD CONSTRAINT moon_name UNIQUE (name);


--
-- Name: moon moon_pkey; Type: CONSTRAINT; Schema: public; Owner: freecodecamp
--

ALTER TABLE ONLY public.moon
    ADD CONSTRAINT moon_pkey PRIMARY KEY (moon_id);


--
-- Name: planet planet_name; Type: CONSTRAINT; Schema: public; Owner: freecodecamp
--

ALTER TABLE ONLY public.planet
    ADD CONSTRAINT planet_name UNIQUE (name);


--
-- Name: planet planet_pkey; Type: CONSTRAINT; Schema: public; Owner: freecodecamp
--

ALTER TABLE ONLY public.planet
    ADD CONSTRAINT planet_pkey PRIMARY KEY (planet_id);


--
-- Name: star star_name; Type: CONSTRAINT; Schema: public; Owner: freecodecamp
--

ALTER TABLE ONLY public.star
    ADD CONSTRAINT star_name UNIQUE (name);


--
-- Name: star star_pkey; Type: CONSTRAINT; Schema: public; Owner: freecodecamp
--

ALTER TABLE ONLY public.star
    ADD CONSTRAINT star_pkey PRIMARY KEY (star_id);


--
-- Name: star fk_cluster; Type: FK CONSTRAINT; Schema: public; Owner: freecodecamp
--

ALTER TABLE ONLY public.star
    ADD CONSTRAINT fk_cluster FOREIGN KEY (cluster_id) REFERENCES public.cluster(cluster_id);


--
-- Name: star fk_galaxy; Type: FK CONSTRAINT; Schema: public; Owner: freecodecamp
--

ALTER TABLE ONLY public.star
    ADD CONSTRAINT fk_galaxy FOREIGN KEY (galaxy_id) REFERENCES public.galaxy(galaxy_id);


--
-- Name: cluster fk_galaxy; Type: FK CONSTRAINT; Schema: public; Owner: freecodecamp
--

ALTER TABLE ONLY public.cluster
    ADD CONSTRAINT fk_galaxy FOREIGN KEY (galaxy_id) REFERENCES public.galaxy(galaxy_id);


--
-- Name: moon fk_planet; Type: FK CONSTRAINT; Schema: public; Owner: freecodecamp
--

ALTER TABLE ONLY public.moon
    ADD CONSTRAINT fk_planet FOREIGN KEY (planet_id) REFERENCES public.planet(planet_id);


--
-- Name: planet fk_star; Type: FK CONSTRAINT; Schema: public; Owner: freecodecamp
--

ALTER TABLE ONLY public.planet
    ADD CONSTRAINT fk_star FOREIGN KEY (star_id) REFERENCES public.star(star_id);


--
-- PostgreSQL database dump complete
--

